timestamp,ax,ay,az,gx,gy,gz
2025-11-26T23:57:36.739796,-0.0666656494140625,0.0010833740234375,-1.001800537109375,0.009073922410607338,-0.004513525404036045,0.00378994457423687
2025-11-26T23:57:36.743659,-0.0661468505859375,0.0018768310546875,-1.0045013427734375,0.007126086391508579,-0.001199221471324563,0.00800546258687973
2025-11-26T23:57:36.748334,-0.0655364990234375,0.00469970703125,-1.0006256103515625,0.006935404147952795,-0.003506850451231003,0.006337524391710758
2025-11-26T23:57:36.752630,-0.065093994140625,0.0040130615234375,-1.0020294189453125,0.006312224548310041,0.0018738001817837358,0.0031555795576423407
2025-11-26T23:57:36.756668,-0.0657501220703125,0.00225830078125,-1.00177001953125,0.006819290108978748,-0.0027318706270307302,0.0027451864443719387
2025-11-26T23:57:36.760429,-0.0656890869140625,0.0032501220703125,-1.0015106201171875,0.006019010208547115,-0.0017699368763715029,0.0030394657514989376
2025-11-26T23:57:36.777648,-0.0656280517578125,0.0030975341796875,-1.00152587890625,0.007601726800203323,-0.0005512743373401463,0.0049103363417088985
2025-11-26T23:57:36.781761,-0.066253662109375,0.0032196044921875,-1.002044677734375,0.008503207005560398,-0.0017033577896654606,0.004721518140286207
2025-11-26T23:57:36.787398,-0.06591796875,0.0028839111328125,-1.0011444091796875,0.004367051646113396,-0.0054909056052565575,0.00686269998550415
2025-11-26T23:57:36.793940,-0.0663909912109375,0.0035247802734375,-1.0010223388671875,0.0034344124142080545,-0.0022980417124927044,0.004030161537230015
2025-11-26T23:57:36.797766,-0.0660858154296875,0.002838134765625,-0.9996795654296875,0.009008941240608692,-0.002663427498191595,0.006196376867592335
2025-11-26T23:57:36.807537,-0.0660247802734375,0.0029296875,-1.0009765625,0.00782436691224575,-0.001576857641339302,0.0052107409574091434
2025-11-26T23:57:36.812755,-0.0663909912109375,0.002593994140625,-1.00067138671875,0.006659234408289194,-0.0036277580074965954,0.004481301177293062
2025-11-26T23:57:36.816119,-0.0665435791015625,0.00201416015625,-1.00396728515625,0.005361742340028286,-0.0011028150329366326,0.004169711377471685
2025-11-26T23:57:36.822855,-0.065399169921875,0.006866455078125,-0.993072509765625,0.005090632475912571,0.00018615495355334133,0.006001166999340057
2025-11-26T23:57:36.839086,-0.0673065185546875,0.0022735595703125,-0.993408203125,0.014013820327818394,0.0012658004416152835,0.0014138722326606512
2025-11-26T23:57:36.846259,-0.0670318603515625,0.0032196044921875,-1.000823974609375,0.0062400526367127895,0.0006002765148878098,0.00546294217929244
2025-11-26T23:57:37.014711,-0.067108154296875,0.0022735595703125,-1.0007476806640625,0.007131945341825485,-0.0010556770721450448,0.006078132428228855
2025-11-26T23:57:37.037989,-0.067230224609375,0.002655029296875,-1.0023956298828125,0.00410473020747304,-0.003162770066410303,0.005868275184184313
2025-11-26T23:57:37.042586,-0.06622314453125,0.005523681640625,-0.99859619140625,0.005313272587954998,-0.0031276163645088673,0.006003564223647118
2025-11-26T23:57:37.046062,-0.066070556640625,0.0023956298828125,-1.0008544921875,0.007845140062272549,-0.00108257494866848,0.006930344272404909
2025-11-26T23:57:37.049400,-0.0665130615234375,0.001007080078125,-1.0012054443359375,0.00563897704705596,-0.0013960290234535933,0.0031667647417634726
2025-11-26T23:57:37.052423,-0.06549072265625,0.0029449462890625,-1.0005645751953125,0.00628905463963747,-0.0004953479510731995,0.005437375977635384
2025-11-26T23:57:37.058353,-0.0679779052734375,0.00299072265625,-1.0052490234375,0.008565258234739304,-0.0047260457649827,0.003573163179680705
2025-11-26T23:57:37.093905,-0.0615997314453125,0.004302978515625,-0.9995574951171875,0.004307663068175316,0.004787298385053873,0.005270662251859903
2025-11-26T23:57:37.096947,-0.0684051513671875,0.00189208984375,-0.9981689453125,0.008685367181897163,-0.010114951990544796,0.006200904026627541
2025-11-26T23:57:37.099571,-0.0664520263671875,0.003753662109375,-0.998931884765625,0.007837682962417603,3.0360035452758893e-05,0.007927165366709232
2025-11-26T23:57:37.102992,-0.066650390625,0.0023345947265625,-1.001434326171875,0.005279184319078922,0.0007957525085657835,0.006446181330829859
2025-11-26T23:57:37.106819,-0.06695556640625,0.0028839111328125,-1.000518798828125,0.006301038898527622,-0.0020623519085347652,0.005132976453751326
2025-11-26T23:57:37.110539,-0.0640411376953125,0.00140380859375,-1.0020294189453125,0.0057409764267504215,-0.0012303803814575076,0.005022721830755472
2025-11-26T23:57:37.153522,-0.06610107421875,0.0010986328125,-0.9994354248046875,0.0057444386184215546,0.004218180663883686,0.005486644338816404
2025-11-26T23:57:37.157736,-0.06622314453125,0.002349853515625,-1.0008544921875,0.00424321461468935,-0.0020090886391699314,0.005772401578724384
2025-11-26T23:57:37.160577,-0.0692291259765625,0.0026092529296875,-0.9959564208984375,0.004865861497819424,-0.008196144364774227,0.00427144393324852
2025-11-26T23:57:37.163168,-0.0658111572265625,0.010498046875,-1.01654052734375,0.005536179058253765,-0.001967277145013213,0.005404352676123381
2025-11-26T23:57:37.166644,-0.0662384033203125,0.0052032470703125,-1.0022735595703125,0.01715288870036602,-0.007562578655779362,0.007923969067633152
2025-11-26T23:57:37.190473,-0.0672454833984375,0.00213623046875,-0.99908447265625,0.004974518436938524,-0.007999337278306484,0.004862665664404631
2025-11-26T23:57:37.211312,-0.070037841796875,0.0015106201171875,-1.001953125,0.005690109916031361,-0.002108957152813673,0.0046938215382397175
2025-11-26T23:57:37.214136,-0.0706024169921875,0.000946044921875,-1.0003662109375,0.00762915750965476,0.0005243764026090503,0.005045358557254076
2025-11-26T23:57:37.219775,-0.0698089599609375,0.00201416015625,-1.0035552978515625,0.0028533106669783592,0.0003299656673334539,0.006609433330595493
2025-11-26T23:57:37.222491,-0.0672607421875,0.0031280517578125,-0.9985809326171875,0.0067902617156505585,-0.0005808354471810162,0.0049012815579771996
2025-11-26T23:57:37.225537,-0.0705108642578125,0.001861572265625,-1.0019989013671875,0.0038480013608932495,-0.0013406352372840047,0.004351605195552111
2025-11-26T23:57:37.236075,-0.07110595703125,0.0029754638671875,-1.0032196044921875,0.0022921827621757984,0.000782436749432236,0.006821953225880861
2025-11-26T23:57:37.264640,-0.0706329345703125,0.002899169921875,-1.00238037109375,0.003926298581063747,-0.00011877698125317693,0.007525826804339886
2025-11-26T23:57:37.271670,-0.0701141357421875,0.001556396484375,-1.000335693359375,0.002859169617295265,0.0008703210623934865,0.004306597635149956
2025-11-26T23:57:37.275095,-0.0695953369140625,0.0016632080078125,-1.002288818359375,0.004512193612754345,-0.0007882956997491419,0.004250937607139349
2025-11-26T23:57:37.279319,-0.07159423828125,0.001220703125,-1.000396728515625,0.004539091605693102,0.0010516822803765535,0.0065652248449623585
2025-11-26T23:57:37.284847,-0.070037841796875,0.00091552734375,-1.0027313232421875,0.004612861201167107,-0.0020354539155960083,0.005526592023670673
2025-11-26T23:57:37.290390,-0.070404052734375,0.002471923828125,-1.0007781982421875,0.005008340813219547,-0.0014290522085502744,0.006945523899048567
2025-11-26T23:57:37.374988,-0.0708160400390625,0.00115966796875,-1.0007476806640625,0.007113835774362087,6.6579027588886674e-06,0.003207511268556118
2025-11-26T23:57:37.389103,-0.0712127685546875,0.000885009765625,-1.0001983642578125,0.006915962789207697,-0.002025866648182273,0.005395031534135342
2025-11-26T23:57:37.395713,-0.070831298828125,0.00213623046875,-1.001678466796875,0.008422779850661755,0.00035206988104619086,0.0033278861083090305
2025-11-26T23:57:37.401781,-0.07135009765625,0.0015869140625,-1.000518798828125,0.008947954513132572,0.0021228056866675615,0.004011253360658884
2025-11-26T23:57:37.405193,-0.068603515625,0.0067901611328125,-1.0012969970703125,0.007484547793865204,-0.003163036424666643,0.0027425233274698257
2025-11-26T23:57:37.409123,-0.07659912109375,0.00860595703125,-0.9909210205078125,0.003988349810242653,-0.0008426241693086922,0.0020780644845217466
2025-11-26T23:57:37.451398,-0.0717010498046875,0.00042724609375,-1.001373291015625,0.003988349810242653,-0.0008426241693086922,0.0020780644845217466
2025-11-26T23:57:37.456434,-0.069610595703125,0.00286865234375,-0.993621826171875,0.007878429256379604,0.0051625375635921955,0.004969991277903318
2025-11-26T23:57:37.459220,-0.071075439453125,0.0008544921875,-0.9996185302734375,0.007723433431237936,-0.0023065637797117233,0.003316700691357255
2025-11-26T23:57:37.462144,-0.070770263671875,0.0017547607421875,-1.00140380859375,0.0060270000249147415,-0.0026173547375947237,0.0028767467010766268
2025-11-26T23:57:37.465033,-0.072723388671875,0.0019073486328125,-1.0013885498046875,0.005013400688767433,-0.0012231898726895452,0.005544435232877731
2025-11-26T23:57:37.469416,-0.0731201171875,0.004302978515625,-0.9984130859375,0.005911418702453375,-0.005661081522703171,0.005614742636680603
2025-11-26T23:57:37.550634,-0.0712890625,0.0010986328125,-1.0008544921875,0.007396130822598934,-0.004570250865072012,0.005649097263813019
2025-11-26T23:57:37.554817,-0.0718231201171875,0.0033416748046875,-1.001556396484375,0.0019001654582098126,0.0014767227694392204,0.006145776715129614
2025-11-26T23:57:37.558599,-0.0713043212890625,0.001373291015625,-1.0005340576171875,0.005590241402387619,-0.0019353191601112485,0.00307621737010777
2025-11-26T23:57:37.562061,-0.0710296630859375,0.0010833740234375,-1.0011138916015625,0.0044051348231732845,-0.002555569401010871,0.0036165728233754635
2025-11-26T23:57:37.590832,-0.0715179443359375,0.00372314453125,-1.0047149658203125,0.005860285833477974,-0.0028479844331741333,0.005655488930642605
2025-11-26T23:57:37.594814,-0.0718536376953125,0.0011749267578125,-0.999267578125,0.003209375310689211,0.002299639629200101,0.005604888778179884
2025-11-26T23:57:37.599476,-0.071502685546875,0.0017852783203125,-0.99920654296875,0.0051782503724098206,0.0010673949727788568,0.00510021997615695
2025-11-26T23:57:37.603632,-0.0722198486328125,0.0020751953125,-0.9996185302734375,0.005056011490523815,0.0021528995130211115,0.005547630600631237
2025-11-26T23:57:37.607464,-0.0713043212890625,0.0014190673828125,-1.0011444091796875,0.006807572208344936,0.00020586235041264445,0.004847219679504633
2025-11-26T23:57:37.668048,-0.0702667236328125,0.0004119873046875,-1.0027313232421875,0.0060054282657802105,0.0006945523782633245,0.004799282643944025
2025-11-26T23:57:37.671717,-0.07122802734375,-0.0006866455078125,-1.00213623046875,0.0060054282657802105,0.0006945523782633245,0.004799282643944025
2025-11-26T23:57:37.674640,-0.0710906982421875,0.0012969970703125,-1.0010223388671875,0.005952964071184397,0.0005763080553151667,0.004263987299054861
2025-11-26T23:57:37.678231,-0.0716705322265625,0.000701904296875,-1.0028839111328125,0.00398728484287858,0.0011467571603134274,0.004857073072344065
2025-11-26T23:57:37.681227,-0.075347900390625,0.0063018798828125,-0.9925537109375,0.005317001137882471,-0.0005526058957912028,0.0029321403708308935
2025-11-26T23:57:37.685028,-0.0735931396484375,0.0039825439453125,-0.9911346435546875,0.003933222498744726,0.005352953914552927,0.0036280243657529354
2025-11-26T23:57:37.689700,-0.07098388671875,0.0022735595703125,-0.9991302490234375,0.008161789737641811,-0.002344913315027952,0.005655755288898945
2025-11-26T23:57:37.729188,-0.0729827880859375,-0.000762939453125,-1.0030364990234375,0.0006410228670574725,-0.0030333404429256916,0.005100485868752003
2025-11-26T23:57:37.732888,-0.071502685546875,0.0012054443359375,-1.0009002685546875,0.0065385932102799416,-0.0018463695887476206,0.004307130351662636
2025-11-26T23:57:37.804557,-0.225982666015625,-0.5442352294921875,-1.068756103515625,0.06524984538555145,-0.7069762945175171,1.261923909187317
2025-11-26T23:57:37.809564,-0.4836883544921875,-0.377166748046875,-0.7131500244140625,0.14498968422412872,-0.4148142337799072,0.48081934452056885
2025-11-26T23:57:37.812286,-0.02703857421875,-0.6136016845703125,-1.157928466796875,-1.4420918226242065,0.06712710857391357,1.3386485576629639
2025-11-26T23:57:37.820093,0.33062744140625,-0.695281982421875,-0.7019195556640625,1.194793701171875,0.7612941265106201,0.6069850325584412
2025-11-26T23:57:37.822852,-0.4357147216796875,-0.38214111328125,-0.73162841796875,0.18065579235553741,-0.07965381443500519,1.1915574073791504
2025-11-26T23:57:37.825635,-0.478179931640625,-0.3062591552734375,-0.809234619140625,-0.43880558013916016,-0.013507818803191185,0.8316532969474792
2025-11-26T23:57:37.834086,-0.5407562255859375,-0.3792266845703125,-1.0019378662109375,-0.777283787727356,-0.5090946555137634,0.25093263387680054
2025-11-26T23:57:37.842755,-0.6607818603515625,-0.4162445068359375,-1.0095672607421875,-0.37867939472198486,-0.2618185579776764,0.2488953024148941
2025-11-26T23:57:37.846295,-0.49267578125,-0.4149627685546875,-1.2655487060546875,-1.2885295152664185,0.8116939663887024,0.12453766912221909
2025-11-26T23:57:37.851842,-0.294586181640625,-0.363739013671875,-1.328369140625,-0.6435022950172424,0.46563905477523804,-0.9185754060745239
2025-11-26T23:57:37.873238,-0.1391448974609375,-0.2658233642578125,-0.903656005859375,0.583176851272583,0.6503708362579346,-0.7917937636375427
2025-11-26T23:57:37.934177,-0.1336669921875,-0.2724456787109375,-0.7938995361328125,0.34866955876350403,-0.19943533837795258,-0.8183265328407288
2025-11-26T23:57:38.048473,-0.18707275390625,-0.332855224609375,-0.9412078857421875,-0.6180291175842285,-0.20245403051376343,-1.0016945600509644
2025-11-26T23:57:38.132754,0.050750732421875,-0.2802886962890625,-0.6458740234375,0.33606934547424316,1.6790226697921753,0.4582863450050354
2025-11-26T23:57:38.241643,-0.1348114013671875,-0.30718994140625,-0.550018310546875,1.1242889165878296,0.172296404838562,-0.4693531095981598
2025-11-26T23:57:38.338652,0.1759185791015625,-0.39697265625,-0.6637115478515625,0.3030427098274231,0.7168899178504944,-0.6036166548728943
2025-11-26T23:57:38.438368,0.211822509765625,-0.46466064453125,-0.6755218505859375,0.8445472121238708,-0.42215657234191895,-0.7100618481636047
2025-11-26T23:57:38.538334,0.1771240234375,-0.4813690185546875,-0.843719482421875,0.07556133717298508,-0.5189491510391235,-0.5331853628158569
2025-11-26T23:57:38.641010,0.1790618896484375,-0.5731201171875,-0.716796875,0.4230729639530182,-0.46071675419807434,-0.3053750991821289
2025-11-26T23:57:38.746087,0.1594085693359375,-0.596588134765625,-0.79827880859375,-0.09493529796600342,-0.2261468470096588,-0.21907828748226166
2025-11-26T23:57:38.836806,0.1642608642578125,-0.602874755859375,-0.765045166015625,0.08565311878919601,-0.25238218903541565,-0.11698600649833679
2025-11-26T23:57:38.936805,0.1500396728515625,-0.57781982421875,-0.7652740478515625,0.1596839427947998,-0.1363983154296875,-0.1135643795132637
2025-11-26T23:57:39.035787,0.1001739501953125,-0.5809326171875,-0.81964111328125,0.07962612062692642,-0.0880664736032486,0.0027017768006771803
2025-11-26T23:57:39.136922,0.1644134521484375,-0.650970458984375,-0.5466461181640625,0.248884916305542,0.6193082332611084,0.1344880312681198
2025-11-26T23:57:50.192191,0.1413421630859375,-0.38775634765625,-0.9342041015625,0.1895717978477478,0.4145069122314453,0.08915038406848907
2025-11-26T23:57:50.322063,0.0824432373046875,-0.4130096435546875,-0.90325927734375,-0.2642689347267151,-0.1392574906349182,0.03057708404958248
2025-11-26T23:57:50.371623,0.1174468994140625,-0.3801422119140625,-0.880523681640625,-0.2642689347267151,-0.1392574906349182,0.03057708404958248
2025-11-26T23:57:50.439706,0.063720703125,-0.4127044677734375,-0.8772735595703125,-0.13608379662036896,-0.5094603300094604,-0.13859330117702484
2025-11-26T23:57:50.544862,0.0326385498046875,-0.2548065185546875,-0.8974456787109375,-0.13608379662036896,-0.5094603300094604,-0.13859330117702484
2025-11-26T23:57:50.644779,-0.20068359375,-0.349639892578125,-0.9445037841796875,1.3520601987838745,-0.6513615250587463,0.6990302205085754
2025-11-26T23:57:50.743755,0.0936126708984375,-0.4806976318359375,-0.9425506591796875,0.8349798321723938,0.8159989714622498,-1.1789555549621582
2025-11-26T23:57:50.841935,0.2554168701171875,-0.6817626953125,-0.98968505859375,1.5803780555725098,0.9387176632881165,-0.2650662958621979
2025-11-26T23:57:50.941298,0.4546356201171875,-0.754119873046875,-0.748321533203125,1.204309344291687,1.443407416343689,-0.38329413533210754
2025-11-26T23:57:51.036249,0.362701416015625,-0.60491943359375,-0.749481201171875,1.204309344291687,1.443407416343689,-0.38329413533210754
2025-11-26T23:57:51.140690,0.4440765380859375,-0.7598419189453125,-0.6166229248046875,0.03176751732826233,-0.20105162262916565,-0.6149369478225708
2025-11-26T23:57:51.240417,0.375946044921875,-0.7387542724609375,-0.57452392578125,1.1041654348373413,0.18038521707057953,-0.4191210865974426
2025-11-26T23:57:51.339213,0.4253082275390625,-0.8944549560546875,-0.4339752197265625,0.30922842025756836,0.27651306986808777,0.5774039626121521
2025-11-26T23:57:51.439201,0.379547119140625,-0.95806884765625,-0.4391021728515625,0.6534236073493958,0.34850364923477173,0.8177307844161987
2025-11-26T23:57:51.539257,0.212646484375,-1.1889495849609375,-0.1981048583984375,2.527536630630493,-0.7241249680519104,0.2123122662305832
2025-11-26T23:57:51.638826,0.313201904296875,-1.0254058837890625,-0.1585540771484375,1.5988374948501587,-0.4410761892795563,0.48158472776412964
2025-11-26T23:57:51.740791,0.2478485107421875,-0.8849639892578125,-0.105316162109375,1.1491243839263916,0.1864471137523651,0.8461350202560425
2025-11-26T23:57:51.836818,0.2247161865234375,-0.84100341796875,-0.13555908203125,0.6024025082588196,-0.19362059235572815,0.5356082916259766
2025-11-26T23:57:51.937672,0.136688232421875,-0.952789306640625,-0.029693603515625,0.6024025082588196,-0.19362059235572815,0.5356082916259766
2025-11-26T23:57:52.036637,0.1139373779296875,-1.008209228515625,-0.0469512939453125,-0.760773777961731,0.062319301068782806,0.3289983868598938
2025-11-26T23:57:52.136094,0.0550079345703125,-1.028900146484375,-0.0767669677734375,-1.5978966985130683e-05,-0.18826258182525635,0.14867788553237915
2025-11-26T23:57:52.235244,0.042083740234375,-1.0955810546875,-0.048736572265625,0.30596044659614563,-0.22808536887168884,0.05772455036640167
2025-11-26T23:57:52.335802,0.048919677734375,-1.034576416015625,-0.0391387939453125,0.16828595101833344,0.04665698483586311,0.04206862300634384
2025-11-26T23:57:52.434080,0.0560150146484375,-0.9867095947265625,-0.0263519287109375,0.16828595101833344,0.04665698483586311,0.04206862300634384
2025-11-26T23:57:52.535697,0.0587310791015625,-0.953033447265625,-0.0023345947265625,0.2075185775756836,-0.08285466581583023,-0.05642146244645119
2025-11-26T23:57:52.639442,0.0691070556640625,-0.936737060546875,-0.0034027099609375,0.2075185775756836,-0.08285466581583023,-0.05642146244645119
2025-11-26T23:57:52.734867,0.0554656982421875,-0.93048095703125,-0.0004119873046875,-0.1544463038444519,-0.007807589136064053,-0.023152990266680717
2025-11-26T23:57:52.832985,0.0332794189453125,-0.992889404296875,0.0222320556640625,-0.29787084460258484,0.1144229844212532,0.03513694927096367
2025-11-26T23:57:52.934730,0.022674560546875,-1.0287933349609375,0.0237884521484375,-0.19853493571281433,0.09336137026548386,0.09931513667106628
2025-11-26T23:57:53.032755,0.040740966796875,-1.00018310546875,0.0167694091796875,-0.19853493571281433,0.09336137026548386,0.09931513667106628
2025-11-26T23:57:53.135853,0.0257568359375,-0.9904327392578125,0.013214111328125,0.20381037890911102,0.06771273165941238,0.002281796419993043
2025-11-26T23:57:53.231045,0.0309906005859375,-0.9964599609375,0.0142822265625,0.08839031308889389,0.06992102414369583,0.07397063076496124
2025-11-26T23:57:53.329826,0.0288543701171875,-1.0147705078125,0.01947021484375,0.08839031308889389,0.06992102414369583,0.07397063076496124
2025-11-26T23:57:53.432749,0.02154541015625,-1.000946044921875,0.0239105224609375,-0.06941955536603928,0.10268696397542953,0.0070826769806444645
2025-11-26T23:57:53.543109,0.01141357421875,-1.0108184814453125,0.0352630615234375,-0.08885183930397034,0.09048755466938019,0.014700649306178093
2025-11-26T23:57:53.642859,0.0155792236328125,-0.9995574951171875,0.01983642578125,-0.01950685679912567,0.06331532448530197,0.017959026619791985
2025-11-26T23:57:53.733649,0.0222930908203125,-0.9849090576171875,0.0191802978515625,-0.01950685679912567,0.06331532448530197,0.017959026619791985
2025-11-26T23:57:53.841868,0.0042724609375,-0.9773406982421875,0.0247955322265625,-0.03531777858734131,0.038899727165699005,-0.030172549188137054
2025-11-26T23:57:53.931828,0.0185546875,-0.9914093017578125,0.01519775390625,-0.03531777858734131,0.038899727165699005,-0.030172549188137054
2025-11-26T23:57:54.068564,0.035400390625,-1.00189208984375,-0.00201416015625,0.03936844319105148,-0.130903959274292,-0.05986413359642029
2025-11-26T23:57:54.140194,0.0314483642578125,-1.0080718994140625,0.0128173828125,0.03936844319105148,-0.130903959274292,-0.05986413359642029
2025-11-26T23:57:54.230967,0.04095458984375,-1.0056610107421875,0.0121612548828125,-0.04193094000220299,0.06739235669374466,0.0836285874247551
2025-11-26T23:57:54.349207,0.042205810546875,-1.0037994384765625,0.00250244140625,-0.04193094000220299,0.06739235669374466,0.0836285874247551
2025-11-26T23:57:54.429716,0.0203094482421875,-1.011016845703125,0.019805908203125,-0.011289405636489391,0.003148122690618038,-0.06179492548108101
2025-11-26T23:57:54.529946,0.0243377685546875,-0.99932861328125,0.0073394775390625,0.04772890731692314,-0.08269114792346954,-0.018871426582336426
2025-11-26T23:57:54.625457,0.024200439453125,-1.0023345947265625,0.0035400390625,0.04772890731692314,-0.08269114792346954,-0.018871426582336426
2025-11-26T23:57:54.727129,0.0221099853515625,-1.0029144287109375,0.0189056396484375,-0.06179678812623024,0.015411979518830776,0.01896144077181816
2025-11-26T23:57:54.826561,0.0149688720703125,-1.0111846923828125,0.0088958740234375,-0.06179678812623024,0.015411979518830776,0.01896144077181816
2025-11-26T23:57:54.924657,0.02105712890625,-1.0024871826171875,0.0117340087890625,-0.04252349212765694,0.017588846385478973,0.019995545968413353
2025-11-26T23:57:55.024832,0.018218994140625,-0.9990692138671875,0.0081329345703125,7.137271313695237e-05,0.04562660679221153,0.03417501598596573
2025-11-26T23:57:55.126425,0.0172271728515625,-0.9954681396484375,0.0084381103515625,0.006917560938745737,0.022851519286632538,-0.013363209553062916
2025-11-26T23:57:55.224086,0.02130126953125,-0.9917755126953125,0.011962890625,0.006917560938745737,0.022851519286632538,-0.013363209553062916
2025-11-26T23:57:55.325622,0.0179290771484375,-0.996734619140625,0.0048980712890625,-0.030050311237573624,0.017258083447813988,0.015210644342005253
2025-11-26T23:57:55.423365,0.0265045166015625,-1.0008697509765625,0.0047149658203125,-0.030050311237573624,0.017258083447813988,0.015210644342005253
2025-11-26T23:57:55.523646,0.01922607421875,-1.0061492919921875,0.0024261474609375,-0.03933355584740639,-0.010587130673229694,-0.033722542226314545
2025-11-26T23:57:55.624037,0.0335540771484375,-0.9875335693359375,-0.00653076171875,0.05834985896945,-0.019357718527317047,-0.018506040796637535
2025-11-26T23:57:55.748112,0.0301055908203125,-0.999755859375,0.0017242431640625,0.029577333480119705,-0.02117213048040867,0.0004295678809285164
2025-11-26T23:57:55.820163,0.0310516357421875,-0.9978790283203125,-0.0015106201171875,-0.006424875929951668,-0.017708955332636833,-0.0199273694306612
2025-11-26T23:57:55.916376,0.0308380126953125,-1.0110321044921875,0.0092315673828125,-0.05150686576962471,-0.06937588006258011,-0.05434100329875946
2025-11-26T23:57:56.020974,0.034088134765625,-1.0011138916015625,-0.0042266845703125,-0.02688860520720482,-0.028539765626192093,-0.022974824532866478
2025-11-26T23:57:56.121541,0.02783203125,-1.0001220703125,0.0070648193359375,-0.02688860520720482,-0.028539765626192093,-0.022974824532866478
2025-11-26T23:57:56.221617,-0.0343780517578125,-0.899566650390625,0.0205841064453125,-0.33483123779296875,-0.2579151690006256,-0.1696140617132187
2025-11-26T23:57:56.320294,0.0025482177734375,-0.000274658203125,-0.0026092529296875,-0.5038517117500305,-0.13266617059707642,-0.0651896521449089
2025-11-26T23:57:56.421221,0.0023040771484375,-0.0015411376953125,-0.00244140625,-0.5038517117500305,-0.13266617059707642,-0.0651896521449089
2025-11-26T23:57:56.519554,0.00286865234375,-0.0017852783203125,-0.0042724609375,-0.5273687243461609,-0.14041942358016968,-0.06148839369416237
2025-11-26T23:57:56.619643,0.0022430419921875,-0.001434326171875,-0.008514404296875,-0.6085935831069946,-0.17994925379753113,-0.056949302554130554
2025-11-26T23:57:56.716155,-0.2317657470703125,3.0970001220703125,-1.8460540771484375,-0.7879254817962646,-0.2777669131755829,-0.0556534081697464
2025-11-26T23:57:56.819254,0.0848846435546875,0.9293975830078125,-0.20751953125,2.194739818572998,2.6690101623535156,-1.4789845943450928
2025-11-26T23:57:56.917363,0.325439453125,-0.4613037109375,-1.0240631103515625,2.194739818572998,2.6690101623535156,-1.4789845943450928
2025-11-26T23:57:57.014606,0.1930389404296875,-0.10443115234375,-0.6460113525390625,0.20348840951919556,-0.15777738392353058,0.028098214417696
2025-11-26T23:57:57.109863,0.0985565185546875,-0.2391204833984375,-0.9234161376953125,-0.02322116680443287,0.012725116685032845,0.0052086105570197105
2025-11-26T23:57:57.225989,0.0985260009765625,-0.2031097412109375,-0.976654052734375,-0.004786765668541193,-0.00908564031124115,0.006058957893401384
2025-11-26T23:57:57.321925,0.095703125,-0.1954498291015625,-0.978729248046875,0.003052515210583806,3.355582884978503e-05,0.0065132929012179375
2025-11-26T23:57:57.429166,0.096466064453125,-0.200714111328125,-0.9830780029296875,0.0036453348584473133,-0.00041305628838017583,0.0071039823815226555
2025-11-26T23:57:57.523137,0.096649169921875,-0.2039031982421875,-0.9760589599609375,0.0036453348584473133,-0.00041305628838017583,0.0071039823815226555
2025-11-26T23:57:57.615551,0.0973968505859375,-0.2053375244140625,-0.977813720703125,-0.0038890140131115913,0.002055960241705179,0.0070280819199979305
2025-11-26T23:57:57.722419,0.095245361328125,-0.2010955810546875,-0.9793701171875,0.004258661065250635,0.0006458165589720011,0.005376921966671944
2025-11-26T23:57:57.812855,0.0981597900390625,-0.2022857666015625,-0.986114501953125,0.0049252500757575035,-0.0018226674292236567,0.003866909770295024
2025-11-26T23:57:57.924680,0.0958709716796875,-0.207183837890625,-0.9728851318359375,-0.008083492517471313,0.00561207951977849,0.005320996046066284
2025-11-26T23:57:58.028052,0.092254638671875,-0.20062255859375,-0.9850616455078125,0.012691293843090534,-0.0003685815026983619,0.0032083101104944944
2025-11-26T23:57:58.107368,0.0965576171875,-0.2039031982421875,-0.9845123291015625,-0.00242107966914773,0.0014977618120610714,0.0073591130785644054
2025-11-26T23:57:58.222344,0.0859375,-0.1675872802734375,-1.0091094970703125,-0.00242107966914773,0.0014977618120610714,0.0073591130785644054
2025-11-26T23:57:58.322043,0.1005096435546875,-0.2070465087890625,-0.937286376953125,-0.003483681008219719,-0.004524177871644497,0.0059958407655358315
2025-11-26T23:57:58.420602,0.0892181396484375,-0.2057952880859375,-1.00384521484375,0.02039608545601368,-0.007589742541313171,0.00532472413033247
2025-11-26T23:57:58.515133,0.100830078125,-0.2224273681640625,-0.9521026611328125,0.02039608545601368,-0.007589742541313171,0.00532472413033247
2025-11-26T23:57:58.621314,0.10052490234375,-0.212677001953125,-0.9655303955078125,-0.029740851372480392,0.004020308144390583,0.006054696626961231
2025-11-26T23:57:58.719633,0.0975341796875,-0.18939208984375,-1.0307464599609375,-0.029740851372480392,0.004020308144390583,0.006054696626961231
2025-11-26T23:57:58.820689,0.101776123046875,-0.2027587890625,-0.944671630859375,0.015625298023223877,-0.017620805650949478,0.0027744811959564686
2025-11-26T23:57:58.915501,0.111083984375,-0.206329345703125,-0.9994354248046875,0.011785286478698254,0.00902598537504673,0.0029206888284534216
2025-11-26T23:57:59.021027,0.0946807861328125,-0.204803466796875,-0.9976654052734375,0.011785286478698254,0.00902598537504673,0.0029206888284534216
2025-11-26T23:57:59.115570,0.0936737060546875,-0.20294189453125,-0.9756011962890625,-0.0014868428697809577,0.0018690064316615462,0.004313788376748562
2025-11-26T23:57:59.218410,0.098602294921875,-0.20074462890625,-0.988189697265625,4.846953015658073e-05,0.002554770326241851,0.008942361921072006
2025-11-26T23:57:59.317606,0.091766357421875,-0.187164306640625,-0.9775390625,0.0051713259890675545,-0.000865793670527637,0.005082376766949892
2025-11-26T23:57:59.399472,0.090087890625,-0.1993560791015625,-0.9806671142578125,-0.003832022426649928,-0.005455485545098782,0.00777776213362813
2025-11-26T23:57:59.518217,0.088958740234375,-0.1868896484375,-0.973114013671875,-0.018098842352628708,-0.0037491980474442244,0.0029052423778921366
2025-11-26T23:57:59.616603,0.1015625,-0.1977081298828125,-0.976593017578125,-0.002291117561981082,-0.0289341788738966,0.003584881080314517
2025-11-26T23:57:59.717630,0.09576416015625,-0.2110748291015625,-0.978515625,-0.002291117561981082,-0.0289341788738966,0.003584881080314517
2025-11-26T23:57:59.796996,0.0963897705078125,-0.2087249755859375,-0.9747467041015625,0.004515655804425478,-0.002662362065166235,0.006235525477677584
2025-11-26T23:57:59.917696,0.095123291015625,-0.202911376953125,-0.9799041748046875,0.008158061653375626,-0.007014499977231026,0.005967877805233002
2025-11-26T23:58:00.016628,0.089569091796875,-0.199981689453125,-0.9770660400390625,-0.003947070799767971,0.009969277307391167,0.007984423078596592
2025-11-26T23:58:00.121863,0.0974273681640625,-0.2011871337890625,-0.9790496826171875,-0.00911679957062006,-0.019216038286685944,0.010865164920687675
2025-11-26T23:58:00.224496,0.087799072265625,-0.1820526123046875,-0.98046875,0.004110589157789946,0.014639662578701973,0.015140603296458721
2025-11-26T23:58:00.324387,0.10003662109375,-0.2103118896484375,-0.980987548828125,0.004110589157789946,0.014639662578701973,0.015140603296458721
2025-11-26T23:58:00.404236,0.0931549072265625,-0.2010498046875,-0.983367919921875,0.012592490762472153,0.013191701844334602,0.008701878599822521
2025-11-26T23:58:00.505985,0.0976409912109375,-0.172576904296875,-1.0162353515625,-0.029505960643291473,-0.012746954336762428,0.016993897035717964
2025-11-26T23:58:00.604032,0.0966644287109375,-0.17706298828125,-1.013885498046875,0.036924995481967926,0.018635470420122147,0.006509830709546804
2025-11-26T23:58:00.705699,0.10821533203125,-0.202423095703125,-0.969757080078125,0.0018937737913802266,-0.014038586989045143,0.0027052389923483133
2025-11-26T23:58:00.803834,0.09619140625,-0.2015228271484375,-0.986968994140625,0.0018937737913802266,-0.014038586989045143,0.0027052389923483133
2025-11-26T23:58:00.906040,0.0951385498046875,-0.1897430419921875,-0.9839630126953125,0.015541409142315388,-0.0009315737406723201,0.006481335032731295
2025-11-26T23:58:01.002650,0.0994415283203125,-0.205718994140625,-0.975311279296875,0.011211109347641468,-0.0033787523861974478,0.0017781927017495036
2025-11-26T23:58:01.094340,0.0971221923828125,-0.1958160400390625,-0.9818267822265625,0.00669358903542161,-0.0010223875287920237,0.0020777983590960503
2025-11-26T23:58:01.193244,0.0968475341796875,-0.1944580078125,-0.9798583984375,0.004246144089847803,-0.0022559636272490025,0.0027300063520669937
2025-11-26T23:58:01.304900,0.09637451171875,-0.1968231201171875,-0.9751434326171875,0.008900283835828304,0.002591521944850683,0.006365753710269928
2025-11-26T23:58:01.394113,0.0966033935546875,-0.1991729736328125,-0.978668212890625,0.008900283835828304,0.002591521944850683,0.006365753710269928
2025-11-26T23:58:01.492346,0.0992279052734375,-0.19879150390625,-0.97802734375,0.006686398293823004,-0.0017358483746647835,0.005036836490035057
2025-11-26T23:58:01.592933,0.09600830078125,-0.197418212890625,-0.9791107177734375,0.0044107274152338505,-0.003029612125828862,0.004823783412575722
2025-11-26T23:58:01.691894,0.096832275390625,-0.196563720703125,-0.9801177978515625,0.008009457029402256,0.0020940436515957117,0.006561762653291225
2025-11-26T23:58:01.791185,0.0972747802734375,-0.20367431640625,-0.9763946533203125,0.007616374175995588,-0.0018335863715037704,0.004277569241821766
2025-11-26T23:58:01.891211,0.0982513427734375,-0.20343017578125,-0.97930908203125,0.017824802547693253,-0.001514806062914431,0.0059510995633900166
2025-11-26T23:58:01.991335,0.09912109375,-0.19805908203125,-0.97802734375,0.017824802547693253,-0.001514806062914431,0.0059510995633900166
2025-11-26T23:58:02.095238,0.0970306396484375,-0.18963623046875,-0.976776123046875,0.0084262415766716,-0.003732952754944563,0.0017813884187489748
2025-11-26T23:58:02.189328,0.0970306396484375,-0.20245361328125,-0.978973388671875,0.013971475884318352,-0.00041278995922766626,0.0019805929623544216
2025-11-26T23:58:02.300039,0.0955657958984375,-0.19805908203125,-0.9757232666015625,0.007897337898612022,0.0006386260502040386,0.006352704484015703
2025-11-26T23:58:02.391952,0.0977630615234375,-0.2004241943359375,-0.9801177978515625,0.005305549595504999,0.0010735202813521028,0.0076211681589484215
2025-11-26T23:58:02.488915,0.0974578857421875,-0.19854736328125,-0.982177734375,0.006535930093377829,0.00026844663079828024,0.005914614535868168
2025-11-26T23:58:02.587911,0.0973052978515625,-0.202239990234375,-0.97906494140625,0.006535930093377829,0.00026844663079828024,0.005914614535868168
2025-11-26T23:58:02.688306,0.09698486328125,-0.20098876953125,-0.980224609375,0.008213454857468605,0.0004825647920370102,0.005827528890222311
2025-11-26T23:58:02.798469,0.09625244140625,-0.19561767578125,-0.9777984619140625,0.007006776984781027,-0.0001805623178370297,0.0023640880826860666
2025-11-26T23:58:02.899049,0.0974273681640625,-0.199615478515625,-0.9799957275390625,0.0075700352899730206,-0.0021523667965084314,0.005923669319599867
2025-11-26T23:58:02.995707,0.097076416015625,-0.199127197265625,-0.9773101806640625,0.004061587154865265,-0.001785383210517466,0.0054277884773910046
2025-11-26T23:58:03.095503,0.0975799560546875,-0.198394775390625,-0.9783935546875,0.007334345486015081,-0.0005731122801080346,0.006648847833275795
2025-11-26T23:58:03.195707,0.099029541015625,-0.199615478515625,-0.97686767578125,0.007334345486015081,-0.0005731122801080346,0.006648847833275795
2025-11-26T23:58:03.284311,0.0965576171875,-0.198211669921875,-0.9795989990234375,0.007035805378109217,-9.507485083304346e-05,0.0067878649570047855
2025-11-26T23:58:03.402225,0.096954345703125,-0.1966552734375,-0.978790283203125,0.006274141371250153,0.00027510453946888447,0.006387858185917139
2025-11-26T23:58:03.493778,0.0982208251953125,-0.197998046875,-0.9777679443359375,0.006274141371250153,0.00027510453946888447,0.006387858185917139
2025-11-26T23:58:03.583285,0.097808837890625,-0.200408935546875,-0.97906494140625,0.01013918686658144,0.002950782421976328,0.0010213222121819854
2025-11-26T23:58:03.683968,0.098358154296875,-0.1965484619140625,-0.96563720703125,0.00720651401206851,-0.01064811646938324,0.0054333810694515705
2025-11-26T23:58:03.783391,0.099884033203125,-0.2002716064453125,-0.9825592041015625,0.006725546903908253,0.00024447820032946765,0.009694439359009266
2025-11-26T23:58:03.892467,0.1264801025390625,-0.119537353515625,-1.168182373046875,0.1687227040529251,-0.1443776786327362,-0.0013728595804423094
2025-11-26T23:58:03.980898,0.0931243896484375,-0.19610595703125,-0.99627685546875,0.1687227040529251,-0.1443776786327362,-0.0013728595804423094
2025-11-26T23:58:04.081176,0.1006317138671875,-0.20013427734375,-0.9730377197265625,0.0009587379754520953,-0.0012966931099072099,0.00572925852611661
2025-11-26T23:58:04.192279,0.09844970703125,-0.198455810546875,-0.9793243408203125,0.00603339122608304,-0.0035366779193282127,0.007142864167690277
2025-11-26T23:58:04.277262,0.09844970703125,-0.1971282958984375,-0.97772216796875,0.00603339122608304,-0.0035366779193282127,0.007142864167690277
2025-11-26T23:58:04.389142,0.0984649658203125,-0.1963348388671875,-0.9803466796875,0.0099610211327672,0.00019467707898002118,0.004071706905961037
2025-11-26T23:58:04.480368,0.099212646484375,-0.1980133056640625,-0.97833251953125,0.0099610211327672,0.00019467707898002118,0.004071706905961037
2025-11-26T23:58:04.584473,0.1111602783203125,-0.2040252685546875,-1.0119171142578125,0.006376406643539667,-0.0025502429343760014,0.004157194402068853
2025-11-26T23:58:04.683574,0.1011199951171875,-0.19683837890625,-0.9813385009765625,0.006842459551990032,0.005116198677569628,0.008055795915424824
2025-11-26T23:58:04.780395,0.0997161865234375,-0.1945343017578125,-0.9864044189453125,-0.002799781272187829,0.01305428333580494,0.00785605888813734
2025-11-26T23:58:04.896615,0.1015625,-0.19329833984375,-0.98394775390625,0.009034241549670696,-0.005874666851013899,0.0027273432351648808
2025-11-26T23:58:04.982405,0.0998687744140625,-0.201446533203125,-0.973907470703125,0.009034241549670696,-0.005874666851013899,0.0027273432351648808
2025-11-26T23:58:05.081414,0.1009368896484375,-0.1964569091796875,-0.9787139892578125,0.006220079027116299,-0.011203385889530182,0.0038458709605038166
2025-11-26T23:58:05.176754,0.1011505126953125,-0.2004241943359375,-0.9766693115234375,0.002627208363264799,0.0003499393642414361,0.007411843631416559
2025-11-26T23:58:05.281634,0.1006011962890625,-0.1985015869140625,-0.9784088134765625,0.002627208363264799,0.0003499393642414361,0.007411843631416559
2025-11-26T23:58:05.395704,0.09912109375,-0.1980743408203125,-0.97894287109375,0.006326605565845966,-0.003338538808748126,0.005002748221158981
2025-11-26T23:58:05.476286,0.100250244140625,-0.1990509033203125,-0.9777679443359375,0.006326605565845966,-0.003338538808748126,0.005002748221158981
2025-11-26T23:58:05.576959,0.1002197265625,-0.1964263916015625,-0.9796600341796875,0.0037326866295188665,-0.0015805860748514533,0.0030711572617292404
2025-11-26T23:58:05.675573,0.0978546142578125,-0.1978302001953125,-0.9797515869140625,0.0037326866295188665,-0.0015805860748514533,0.0030711572617292404
2025-11-26T23:58:05.775604,0.1006317138671875,-0.1974334716796875,-0.978759765625,0.007377222646027803,0.0012570120161399245,0.0038336203433573246
2025-11-26T23:58:05.885605,0.1000213623046875,-0.1975250244140625,-0.9795074462890625,0.006006493698805571,-0.0018210695125162601,0.004834969062358141
2025-11-26T23:58:05.974643,0.1000213623046875,-0.197998046875,-0.9783477783203125,0.004092213232070208,-0.002365419641137123,0.003637611633166671
2025-11-26T23:58:06.074190,0.09942626953125,-0.197845458984375,-0.978515625,0.0062757390551269054,-0.0016165387351065874,0.00498011102899909
2025-11-26T23:58:06.184556,0.10015869140625,-0.197265625,-0.9780731201171875,0.007488809060305357,-0.0018053569365292788,0.0041191112250089645
2025-11-26T23:58:06.272691,0.100311279296875,-0.1983489990234375,-0.9779052734375,0.007488809060305357,-0.0018053569365292788,0.0041191112250089645
2025-11-26T23:58:06.372659,0.10015869140625,-0.1973419189453125,-0.978973388671875,0.007081078831106424,-0.003365170443430543,0.005660016089677811
2025-11-26T23:58:06.483557,0.100830078125,-0.1983184814453125,-0.97802734375,0.003094060579314828,-0.002588059986010194,0.005665875039994717
2025-11-26T23:58:06.572913,0.09814453125,-0.2004852294921875,-0.979278564453125,0.0076422072015702724,-0.0007179882377386093,0.004983839578926563
2025-11-26T23:58:06.673159,0.099090576171875,-0.1963043212890625,-0.9786529541015625,0.005314604379236698,0.003153715282678604,0.004487692844122648
2025-11-26T23:58:06.771810,0.0993804931640625,-0.197601318359375,-0.9776611328125,0.0050701261498034,-0.0016524913953617215,0.0062155514024198055
2025-11-26T23:58:06.871107,0.100799560546875,-0.1996002197265625,-0.9802093505859375,0.0050701261498034,-0.0016524913953617215,0.0062155514024198055
2025-11-26T23:58:06.976034,0.1002044677734375,-0.1989898681640625,-0.9802703857421875,0.0067963870242238045,-0.001844505313783884,0.004781173076480627
2025-11-26T23:58:07.073604,0.100006103515625,-0.1988983154296875,-0.978057861328125,0.002888730727136135,-0.0028125643730163574,0.005357747431844473
2025-11-26T23:58:07.169876,0.09930419921875,-0.1966705322265625,-0.9796600341796875,0.004849882796406746,-0.0010865697404369712,0.003254915354773402
2025-11-26T23:58:07.271969,0.10040283203125,-0.1984405517578125,-0.9781951904296875,0.00296276668086648,-0.0006639260682277381,0.0037974014412611723
2025-11-26T23:58:07.368762,0.0997467041015625,-0.197662353515625,-0.9780426025390625,0.00296276668086648,-0.0006639260682277381,0.0037974014412611723
2025-11-26T23:58:07.480353,0.1008758544921875,-0.1981201171875,-0.97882080078125,0.004473578184843063,-0.0017382452497258782,0.004119910299777985
2025-11-26T23:58:07.569063,0.1004638671875,-0.1973876953125,-0.979248046875,0.004473578184843063,-0.0017382452497258782,0.004119910299777985
2025-11-26T23:58:07.668420,0.1000518798828125,-0.197113037109375,-0.9788360595703125,0.005608084611594677,-0.0008056062506511807,0.007504521403461695
2025-11-26T23:58:07.778085,0.0944976806640625,-0.196502685546875,-0.9803619384765625,0.007400924805551767,0.006725546903908253,0.005651760380715132
2025-11-26T23:58:07.875349,0.0984344482421875,-0.197174072265625,-0.97662353515625,0.0024074974935501814,0.0010013486025854945,0.004859736189246178
